 ,mean dist,mean percentage error
log10 Mass,0.5196669730852621,0.11163558347037641
distance,0.5002241232202886,0.3094529401389908
spin,0.4876106722260336,1.0
eccentricity,0.5152561494727502,1.1579367919698411
seperation,0.3094529401389908,0.02916277786689081
