 ,mean dist,mean percentage error
log10 Mass,0.5196669730852621,0.11163558347037641
distance,0.24377277067826877,0.16061639173650036
spin,0.2503768325863629,0.9451859408590285
eccentricity,0.5152561494727502,1.1579367919698411
seperation,0.16061639173650036,0.015287708814985009
