 ,mean dist,mean percentage error
log10 Mass,0.3272958304128112,0.07268729736314401
distance,0.31904525723236693,0.22069219919046137
spin,0.27775420111215743,1.3737739332662537
eccentricity,0.28411519985273775,0.6568404580263486
seperation,0.22069219919046137,0.02114288760663128
