 ,mean dist,mean percentage error
log10 Mass,0.30526673153720896,0.0681438544506834
distance,0.2739419840271322,0.18549253556267542
spin,0.24678791380984927,0.9698640381154428
eccentricity,0.2983156327274232,0.6488284306950938
seperation,0.18549253556267542,0.01772038679874167
