 ,mean dist,mean percentage error
log10 Mass,0.24618871944799367,0.054526341280883316
distance,0.2588656943739113,0.16598050597836175
spin,0.4876106722260336,1.0
eccentricity,0.2888709577350857,0.6738639104535864
seperation,0.16598050597836175,0.015734128780771826
